{"count":1,"self":38176.3485696,"total":64843.5045422,"children":{"InitializeActuators":{"count":6,"self":0.0029917,"total":0.0029917,"children":null},"InitializeSensors":{"count":6,"self":0.0029909999999999997,"total":0.0029909999999999997,"children":null},"AgentInfo.ToProto":{"count":84229,"self":1.6094302999999999,"total":7.8026224,"children":{"GenerateSensorData":{"count":84229,"self":2.0586158,"total":6.1931921,"children":{"RayPerceptionSensor.Perceive":{"count":84229,"self":4.1345763999999994,"total":4.1345763,"children":null}}}}},"AgentSendState":{"count":8802951,"self":352.499456,"total":1640.4104991,"children":{"CollectObservations":{"count":10563642,"self":94.5543232,"total":94.5543206,"children":null},"WriteActionMask":{"count":10563642,"self":74.7325312,"total":74.732533,"children":null},"RequestDecision":{"count":10563642,"self":246.90060799999998,"total":1118.6241897,"children":{"AgentInfo.ToProto":{"count":10563642,"self":165.29126399999998,"total":871.723583,"children":{"GenerateSensorData":{"count":10563642,"self":240.97349119999998,"total":706.4323207,"children":{"RayPerceptionSensor.Perceive":{"count":10563642,"self":465.45884159999997,"total":465.45882439999997,"children":null}}}}}}}}},"DecideAction":{"count":8802951,"self":24787.6272128,"total":24787.6284733,"children":{"AgentInfo.ToProto":{"count":30,"self":0,"total":0.0009981,"children":{"GenerateSensorData":{"count":30,"self":0.0009981,"total":0.0009981,"children":{"RayPerceptionSensor.Perceive":{"count":30,"self":0,"total":0,"children":null}}}}}}},"AgentAct":{"count":8802951,"self":229.66287359999998,"total":231.30518429999998,"children":{"AgentInfo.ToProto":{"count":17034,"self":0.30717279999999997,"total":1.6423048999999998,"children":{"GenerateSensorData":{"count":17034,"self":0.4235026,"total":1.3351321,"children":{"RayPerceptionSensor.Perceive":{"count":17034,"self":0.9116295,"total":0.9116295,"children":null}}}}}}}},"gauges":{"ReturnTraining.CumulativeReward":{"count":7070,"max":1.21859479,"min":-0.7072344,"runningAverage":-0.04301934,"value":-0.00589999743,"weightedAverage":-0.009548222},"CaptureTraining.CumulativeReward":{"count":10935,"max":3.26580453,"min":-0.7500415,"runningAverage":0.13119705,"value":-0.007799994,"weightedAverage":-0.00392149}},"metadata":{"timer_format_version":"0.1.0","start_time_seconds":"1614403503","unity_version":"2019.4.16f1","command_line_arguments":"C:\\Program Files\\Unity\\Editor\\Unity.exe","communication_protocol_version":"1.3.0","com.unity.ml-agents_version":"1.7.2-preview","scene_name":"CityArena_AgentTrainer","end_time_seconds":"1614468346"}}