{"count":1,"self":322.3765504,"total":325.7635591,"children":{"InitializeActuators":{"count":6,"self":0.0099037999999999991,"total":0.0099037999999999991,"children":null},"InitializeSensors":{"count":6,"self":0.0099192,"total":0.0099192,"children":null},"AgentSendState":{"count":15980,"self":0.65152159999999992,"total":2.040744,"children":{"CollectObservations":{"count":19176,"self":0.1605173,"total":0.1605173,"children":null},"WriteActionMask":{"count":19176,"self":0.1146953,"total":0.1146953,"children":null},"RequestDecision":{"count":19176,"self":0.2725921,"total":1.1140098,"children":{"RayPerceptionSensor.Perceive":{"count":19176,"self":0.84141769999999994,"total":0.84141769999999994,"children":null}}}}},"DecideAction":{"count":15980,"self":0.89874519999999991,"total":0.89874519999999991,"children":null},"AgentAct":{"count":15980,"self":0.42274029999999996,"total":0.4247698,"children":{"RayPerceptionSensor.Perceive":{"count":33,"self":0.0020295,"total":0.0020295,"children":null}}},"RayPerceptionSensor.Perceive":{"count":5,"self":0.0009975,"total":0.0009975,"children":null}},"gauges":{"FighterTraining.CumulativeReward":{"count":38,"max":6.88219261,"min":-1.25002289,"runningAverage":0.5839605,"value":4.9877,"weightedAverage":1.49066055}},"metadata":{"timer_format_version":"0.1.0","start_time_seconds":"1613445892","unity_version":"2019.4.16f1","command_line_arguments":"C:\\Program Files\\Unity\\Editor\\Unity.exe","communication_protocol_version":"1.3.0","com.unity.ml-agents_version":"1.7.2-preview","scene_name":"CityArena_AgentTrainer","end_time_seconds":"1613446218"}}